{"score": 0.8894816344338621, "_runtime": 6167, "_timestamp": 1614165163, "_step": 95, "loss_transformer": 3031.9424646195303, "loss_tagger": 273.492045609577, "loss_parser": 15723.999751284133, "loss_ner": 216.12566864980408, "token_acc": 0.9994672349493873, "token_p": 0.9977732597540905, "token_r": 0.997483546264034, "token_f": 0.9976283819757029, "tag_acc": 0.9783029833397907, "sents_p": 0.8831858407079646, "sents_r": 0.8847517730496454, "sents_f": 0.8839681133746679, "dep_uas": 0.878198681416918, "dep_las": 0.8516676909324543, "dep_las_per_type": {"advmod": {"p": 0.818705035971223, "r": 0.8036723163841808, "f": 0.8111190306486101}, "root": {"p": 0.8756660746003553, "r": 0.874113475177305, "f": 0.8748890860692103}, "nsubj": {"p": 0.9201277955271565, "r": 0.9113924050632911, "f": 0.9157392686804451}, "case": {"p": 0.9227683049147443, "r": 0.9090909090909091, "f": 0.9158785465405674}, "obl": {"p": 0.8200636942675159, "r": 0.8009331259720062, "f": 0.8103855232100708}, "cc": {"p": 0.8918128654970761, "r": 0.8866279069767442, "f": 0.8892128279883381}, "conj": {"p": 0.7580645161290323, "r": 0.752, "f": 0.7550200803212852}, "obj": {"p": 0.900562851782364, "r": 0.9320388349514563, "f": 0.916030534351145}, "aux": {"p": 0.8892128279883382, "r": 0.8892128279883382, "f": 0.8892128279883383}, "acl:relcl": {"p": 0.7558139534883721, "r": 0.7027027027027027, "f": 0.7282913165266107}, "obl:loc": {"p": 0.8028169014084507, "r": 0.8142857142857143, "f": 0.8085106382978723}, "det": {"p": 0.9219512195121952, "r": 0.9341021416803954, "f": 0.9279869067103109}, "amod": {"p": 0.8597662771285476, "r": 0.878839590443686, "f": 0.8691983122362869}, "nmod:poss": {"p": 0.73, "r": 0.7227722772277227, "f": 0.7263681592039801}, "ccomp": {"p": 0.6875, "r": 0.7096774193548387, "f": 0.6984126984126984}, "nummod": {"p": 0.8264462809917356, "r": 0.8333333333333334, "f": 0.8298755186721992}, "flat": {"p": 0.8402366863905325, "r": 0.9403973509933775, "f": 0.8875000000000001}, "compound:prt": {"p": 0.7586206896551724, "r": 0.5365853658536586, "f": 0.6285714285714286}, "advcl": {"p": 0.728, "r": 0.7844827586206896, "f": 0.7551867219917011}, "mark": {"p": 0.9235537190082644, "r": 0.917864476386037, "f": 0.9207003089598352}, "cop": {"p": 0.8870056497175142, "r": 0.8971428571428571, "f": 0.8920454545454545}, "dep": {"p": 0.19642857142857142, "r": 0.41509433962264153, "f": 0.2666666666666667}, "nmod": {"p": 0.7603305785123967, "r": 0.71875, "f": 0.7389558232931727}, "iobj": {"p": 0.9411764705882353, "r": 0.7272727272727273, "f": 0.8205128205128205}, "xcomp": {"p": 0.7111111111111111, "r": 0.5423728813559322, "f": 0.6153846153846154}, "appos": {"p": 0.627906976744186, "r": 0.8181818181818182, "f": 0.7105263157894738}, "obl:tmod": {"p": 0.6666666666666666, "r": 0.5555555555555556, "f": 0.606060606060606}, "list": {"p": 0.5, "r": 0.2777777777777778, "f": 0.35714285714285715}, "vocative": {"p": 0.0, "r": 0.0, "f": 0.0}, "fixed": {"p": 0.9705882352941176, "r": 0.7857142857142857, "f": 0.8684210526315789}, "expl": {"p": 0.9117647058823529, "r": 0.9117647058823529, "f": 0.9117647058823528}, "discourse": {"p": 0.0, "r": 0.0, "f": 0.0}}, "ents_p": 0.8167006109979633, "ents_r": 0.8354166666666667, "ents_f": 0.8259526261585993, "ents_per_type": {"PER": {"p": 0.9212121212121213, "r": 0.9156626506024096, "f": 0.918429003021148}, "ORG": {"p": 0.7631578947368421, "r": 0.6444444444444445, "f": 0.6987951807228916}, "MISC": {"p": 0.6893939393939394, "r": 0.8053097345132744, "f": 0.7428571428571429}, "LOC": {"p": 0.847457627118644, "r": 0.9009009009009009, "f": 0.8733624454148471}}, "speed": 11162.172035291993}